<?xml version="1.0" encoding="UTF-8"?>
<beans xmlns="http://www.springframework.org/schema/beans"
	xmlns:xsi="http://www.w3.org/2001/XMLSchema-instance" xmlns:jaxrs="http://cxf.apache.org/jaxrs"
	xsi:schemaLocation="http://www.springframework.org/schema/beans 
                            http://www.springframework.org/schema/beans/spring-beans-2.5.xsd
                            http://cxf.apache.org/jaxrs 
                            http://cxf.apache.org/schemas/jaxrs.xsd">
	<import resource="classpath:META-INF/cxf/cxf.xml" />
	<import resource="classpath:META-INF/cxf/cxf-servlet.xml" />
	<bean id="pdfGenerator" class="com.aia.imeet.investigation.pdfpresentation.ws.PdfGeneratorWs" />
	<bean id="wholelifereport" class="com.aia.imeet.prototype.sqs.report.wholelife.WholeLifeReportWs" />
	<jaxrs:server id="RestService" address="/rest">
		<jaxrs:serviceBeans>
			<ref bean="pdfGenerator" />
			<ref bean="wholelifereport" />
		</jaxrs:serviceBeans>
		<jaxrs:inInterceptors>
			<bean class="org.apache.cxf.interceptor.LoggingInInterceptor"></bean>
		</jaxrs:inInterceptors>
		<jaxrs:outInterceptors>
			<bean class="org.apache.cxf.interceptor.LoggingOutInterceptor"></bean>
		</jaxrs:outInterceptors>
	</jaxrs:server>
</beans>