{
  "meetingmodel": {
    "productmodel": {
      "ui": "",
      "data": {
        "insured": {
          "iname1": "",
          "iname2": "",
          "iname3": "",
          "isex": "",
          "ismoker": "",
          "ioccupation": "Accountant",
          "iage": "0",
          "basicPremium": ""
        },
        "plan": {
          "sa": "",
          "currency": "",
          "paymentMode": "",
          "premmiumTerm":"",
          "multiplierSelection": ""
        },
        "dictionary":{
          "currency": [
            {"value":"SGD","label":"SGD"},
            {"value":"USD","label":"USD"}
          ],
          "premmiumTerm": [
            {"value":"A - Annual","label":"A - Annual"},
            {"value":"M - Monthly","label":"M - Monthly"},
            {"value":"Q - Quarterly","label":"Q - Quarterly"},
            {"value":"S - Semi-Annual","label":"S - Semi-Annual"}
          ],
          "paymentMode": [
            {"value":"10","label":"10"},
            {"value":"20","label":"20"},
            {"value":"30","label":"30"}
          ]
        },
        "pic_icon": {
          "s_pic": "img/images/Vector-Smart-Object1.png"
        },
        "products": {
          "production_name": "AIA Guaranteed Protect Plus",
          "coverage": "",
          "style_premium": ""
        },
        "planlist":[{
          "rider_name": "",
          "coverage": "",
          "style_premium": ""
        }],
        "totalPremiun":{
          "totalSum":"0.00"
        }
      }
    }
  }
}
